-- phpMyAdmin SQL Dump
-- version 4.8.3
-- https://www.phpmyadmin.net/
--
-- Máy chủ: 127.0.0.1
-- Thời gian đã tạo: Th1 09, 2021 lúc 11:16 AM
-- Phiên bản máy phục vụ: 10.1.37-MariaDB
-- Phiên bản PHP: 7.1.24

SET SQL_MODE = "NO_AUTO_VALUE_ON_ZERO";
SET AUTOCOMMIT = 0;
START TRANSACTION;
SET time_zone = "+00:00";


/*!40101 SET @OLD_CHARACTER_SET_CLIENT=@@CHARACTER_SET_CLIENT */;
/*!40101 SET @OLD_CHARACTER_SET_RESULTS=@@CHARACTER_SET_RESULTS */;
/*!40101 SET @OLD_COLLATION_CONNECTION=@@COLLATION_CONNECTION */;
/*!40101 SET NAMES utf8mb4 */;

--
-- Cơ sở dữ liệu: `db_muaban_pos`
--

-- --------------------------------------------------------

--
-- Cấu trúc bảng cho bảng `tbl_account_account`
--

CREATE TABLE `tbl_account_account` (
  `id` int(11) UNSIGNED NOT NULL,
  `id_type` int(11) UNSIGNED NOT NULL,
  `id_business` int(11) UNSIGNED NOT NULL,
  `account_username` varchar(100) CHARACTER SET utf8 NOT NULL,
  `account_password` varchar(100) CHARACTER SET utf8 NOT NULL,
  `account_fullname` varchar(50) CHARACTER SET utf8 NOT NULL,
  `account_email` varchar(100) CHARACTER SET utf8 DEFAULT NULL,
  `account_phone` varchar(20) CHARACTER SET utf8 DEFAULT NULL,
  `account_status` enum('Y','N') CHARACTER SET utf8 NOT NULL DEFAULT 'Y',
  `force_sign_out` enum('0','1') NOT NULL
) ENGINE=InnoDB DEFAULT CHARSET=utf8mb4;

--
-- Đang đổ dữ liệu cho bảng `tbl_account_account`
--

INSERT INTO `tbl_account_account` (`id`, `id_type`, `id_business`, `account_username`, `account_password`, `account_fullname`, `account_email`, `account_phone`, `account_status`, `force_sign_out`) VALUES
(1, 1, 1, 'admin', 'e10adc3949ba59abbe56e057f20f883e', 'ABC', 'ABC@gmail.com', '0808080', 'Y', '0'),
(2, 2, 1, 'order', 'e10adc3949ba59abbe56e057f20f883e', 'ABD', 'ABD@gmail.com', '090909', 'Y', '0'),
(3, 3, 1, 'bep', 'e10adc3949ba59abbe56e057f20f883e', 'ABE', 'ABE@gmail.com', '0707070', 'Y', '0'),
(4, 1, 1, 'canhdinh', 'e10adc3949ba59abbe56e057f20f883e', 'Cảnh Dinh', 'dinh@gmail.com', '0909090909', 'Y', '0'),
(6, 1, 2, 'admin', 'e10adc3949ba59abbe56e057f20f883e', 'Anh Em', 'anhgmail.com', '1234677', 'Y', '0'),
(7, 2, 2, 'order', 'e10adc3949ba59abbe56e057f20f883e', 'Order', 'anhgmail.com', '1234677', 'Y', '0');

-- --------------------------------------------------------

--
-- Cấu trúc bảng cho bảng `tbl_account_authorize`
--

CREATE TABLE `tbl_account_authorize` (
  `id` int(11) UNSIGNED NOT NULL,
  `id_admin` int(11) UNSIGNED NOT NULL,
  `grant_permission` int(11) UNSIGNED NOT NULL,
  `id_business` int(11) UNSIGNED NOT NULL
) ENGINE=InnoDB DEFAULT CHARSET=utf8mb4;

--
-- Đang đổ dữ liệu cho bảng `tbl_account_authorize`
--

INSERT INTO `tbl_account_authorize` (`id`, `id_admin`, `grant_permission`, `id_business`) VALUES
(2, 2, 2, 1),
(3, 3, 3, 1),
(8, 1, 1, 0),
(9, 1, 2, 0),
(10, 1, 3, 0),
(11, 1, 4, 0),
(16, 4, 1, 0),
(17, 4, 2, 0),
(18, 4, 3, 0),
(19, 4, 4, 0);

-- --------------------------------------------------------

--
-- Cấu trúc bảng cho bảng `tbl_account_permission`
--

CREATE TABLE `tbl_account_permission` (
  `id` int(11) UNSIGNED NOT NULL,
  `permission` varchar(100) NOT NULL,
  `description` text NOT NULL,
  `id_business` int(11) UNSIGNED NOT NULL
) ENGINE=InnoDB DEFAULT CHARSET=utf8mb4;

--
-- Đang đổ dữ liệu cho bảng `tbl_account_permission`
--

INSERT INTO `tbl_account_permission` (`id`, `permission`, `description`, `id_business`) VALUES
(1, 'Quản lý Bếp', 'đây là quản lý bếp', 1),
(2, 'Quản lý order', 'đây là quản lý order', 1),
(3, 'Quản lý Khách', 'quản lý khách hàng', 1),
(4, 'Quản lý bàn', 'quản lý bàn', 1);

-- --------------------------------------------------------

--
-- Cấu trúc bảng cho bảng `tbl_account_type`
--

CREATE TABLE `tbl_account_type` (
  `id` int(11) UNSIGNED NOT NULL,
  `type_account` varchar(100) NOT NULL,
  `description` text NOT NULL,
  `id_business` int(11) UNSIGNED NOT NULL
) ENGINE=InnoDB DEFAULT CHARSET=utf8mb4;

--
-- Đang đổ dữ liệu cho bảng `tbl_account_type`
--

INSERT INTO `tbl_account_type` (`id`, `type_account`, `description`, `id_business`) VALUES
(1, 'admin', 'Nhân Viên Quản Lý', 1),
(2, 'order', 'Nhân Viên Bán Hàng', 1),
(3, 'chef', 'Nhân Viên Bếp', 1);

-- --------------------------------------------------------

--
-- Cấu trúc bảng cho bảng `tbl_app_deploy`
--

CREATE TABLE `tbl_app_deploy` (
  `id` int(11) UNSIGNED NOT NULL,
  `live_version` int(11) UNSIGNED NOT NULL
) ENGINE=InnoDB DEFAULT CHARSET=utf8mb4;

-- --------------------------------------------------------

--
-- Cấu trúc bảng cho bảng `tbl_business_model`
--

CREATE TABLE `tbl_business_model` (
  `id` int(11) UNSIGNED NOT NULL,
  `business_model` enum('L','S') CHARACTER SET utf8 NOT NULL
) ENGINE=InnoDB DEFAULT CHARSET=utf8mb4;

--
-- Đang đổ dữ liệu cho bảng `tbl_business_model`
--

INSERT INTO `tbl_business_model` (`id`, `business_model`) VALUES
(1, 'L'),
(2, 'S');

-- --------------------------------------------------------

--
-- Cấu trúc bảng cho bảng `tbl_business_store`
--

CREATE TABLE `tbl_business_store` (
  `id` int(11) UNSIGNED NOT NULL,
  `id_business_model` int(11) NOT NULL,
  `store_name` varchar(100) NOT NULL,
  `store_code` varchar(100) NOT NULL,
  `store_phone` varchar(20) NOT NULL,
  `store_address` varchar(300) NOT NULL,
  `store_prefix` varchar(100) CHARACTER SET utf8 NOT NULL,
  `store_created` date NOT NULL,
  `store_expired` date NOT NULL
) ENGINE=InnoDB DEFAULT CHARSET=utf8mb4;

--
-- Đang đổ dữ liệu cho bảng `tbl_business_store`
--

INSERT INTO `tbl_business_store` (`id`, `id_business_model`, `store_name`, `store_code`, `store_phone`, `store_address`, `store_prefix`, `store_created`, `store_expired`) VALUES
(1, 1, 'Cửa hàng bánh mì', 'BM', '0909090', 'adsfadfadf', 'BM', '0000-00-00', '0000-00-00'),
(2, 2, 'Cửa hàng bún', 'CHB', '09050504', 'phan văn trị', 'CHB', '2020-12-01', '2020-12-03');

-- --------------------------------------------------------

--
-- Cấu trúc bảng cho bảng `tbl_customer_customer`
--

CREATE TABLE `tbl_customer_customer` (
  `id` int(11) UNSIGNED NOT NULL,
  `id_business` int(11) UNSIGNED NOT NULL,
  `id_account` int(11) UNSIGNED NOT NULL,
  `customer_code` varchar(100) CHARACTER SET utf8 NOT NULL,
  `customer_name` varchar(100) CHARACTER SET utf8 NOT NULL,
  `customer_phone` varchar(20) CHARACTER SET utf8 DEFAULT NULL,
  `customer_sex` enum('male','female','comp') CHARACTER SET utf8 NOT NULL DEFAULT 'male',
  `customer_email` varchar(100) CHARACTER SET utf8 DEFAULT NULL,
  `customer_birthday` date DEFAULT NULL,
  `customer_address` varchar(300) CHARACTER SET utf8 NOT NULL,
  `customer_point` varchar(100) CHARACTER SET utf8 NOT NULL DEFAULT '0',
  `customer_taxcode` varchar(50) CHARACTER SET utf8 DEFAULT NULL,
  `customer_created_by` datetime NOT NULL DEFAULT CURRENT_TIMESTAMP
) ENGINE=InnoDB DEFAULT CHARSET=utf8mb4;

--
-- Đang đổ dữ liệu cho bảng `tbl_customer_customer`
--

INSERT INTO `tbl_customer_customer` (`id`, `id_business`, `id_account`, `customer_code`, `customer_name`, `customer_phone`, `customer_sex`, `customer_email`, `customer_birthday`, `customer_address`, `customer_point`, `customer_taxcode`, `customer_created_by`) VALUES
(1, 1, 2, 'ACfufucucu', 'chi Ngọc Diễm', '0879797899', 'female', 'aaaaaaaa', '1998-12-02', 'Hồ Chí Minh', '1370', '1111111', '0000-00-00 00:00:00'),
(2, 1, 2, 'CanhDinh', 'Anh Dinh', '123456', 'male', 'fffffff', NULL, 'adfafaf', '4100', '123', '0000-00-00 00:00:00'),
(3, 1, 2, 'AD', 'a ', '1231213', 'male', '2020-12-31', '2020-12-31', 'adfafaf', '500', NULL, '0000-00-00 00:00:00'),
(4, 1, 2, 'AD', 'a DInh', '05050505', 'male', 'fffffff', NULL, 'adfafaf', '1200', NULL, '0000-00-00 00:00:00'),
(6, 1, 2, 'ttt', 'M L', '125398', 'male', '2021-01-04', '2021-01-04', 'hcychvh', '1300', 'gxtcg g g', '0000-00-00 00:00:00'),
(8, 1, 1, 'hh', 'Phung Quoc Minh Khanh', '0336819000', 'male', 'khanh@minhkhanh.com', NULL, 'Califonia', '3600', '1111', '0000-00-00 00:00:00'),
(9, 1, 1, 'hh', 'h&acirc;n', '132465789', 'male', 'han@minhkhanh.com', NULL, 'Califonia', '2600', '1111', '0000-00-00 00:00:00'),
(10, 1, 1, 'hh', 'Phung Quoc Minh Khanh', '0336819000', 'male', 'khanh@minhkhanh.com', NULL, 'Califonia', '2000', '1111', '0000-00-00 00:00:00'),
(11, 1, 2, 'BMKH09213876', 'a T&acirc;m', '0335506678', 'male', 'tam@gmail.com', NULL, 'Thủ Đức', '3260', '123456789', '0000-00-00 00:00:00'),
(12, 1, 2, 'BMKH09223858', 'a dinh', '05050505', 'male', 'fffffff', NULL, 'adfafaf', '1700', '99999999999999999', '0000-00-00 00:00:00'),
(13, 1, 2, 'BMKH09294576', 'a dinh', '05050505', 'male', 'fffffff', NULL, 'adfafaf', '1900', '99999999999999999', '0000-00-00 00:00:00'),
(14, 1, 2, 'BMKH09318588', 'a T&acirc;m', '0335506678', 'male', 'tam@gmail.com', NULL, 'Thủ Đức', '1800', '123456789', '0000-00-00 00:00:00'),
(20, 1, 2, 'BMKH09319535', 'Xu&acirc;n T&acirc;m,', '039952126', 'male', 'tam@gmail.com', NULL, 'Thủ Đức', '2100', '123456789', '0000-00-00 00:00:00'),
(23, 1, 3, 'BMKH09380369', 'Dinh Cảnh', '039933135', 'male', 'dinh@gmail.com', '1995-02-25', 'B&igrave;nh Thạnh', '800', '18001800', '0000-00-00 00:00:00'),
(24, 1, 3, 'BMKH09408506', 'Ngọc Diễm', '0339933723', 'female', 'diem@gmail.com', '1995-02-25', 'Bình Chánh', '3100', '17001700', '0000-00-00 00:00:00'),
(25, 1, 2, 'BMKH09745968', 'Ngọc diễm', '090977777', 'male', NULL, NULL, '', '3300', NULL, '0000-00-00 00:00:00'),
(26, 2, 7, 'CHBKH10181693', 'dinh', '0975469232', 'male', NULL, NULL, '', '160', NULL, '2021-01-09 15:41:33');

-- --------------------------------------------------------

--
-- Cấu trúc bảng cho bảng `tbl_customer_point`
--

CREATE TABLE `tbl_customer_point` (
  `id` int(11) UNSIGNED NOT NULL,
  `id_business` int(11) UNSIGNED NOT NULL,
  `customer_level` varchar(100) CHARACTER SET utf8 NOT NULL,
  `customer_point` varchar(100) CHARACTER SET utf8 NOT NULL,
  `customer_discount` varchar(100) CHARACTER SET utf8 NOT NULL,
  `customer_description` text NOT NULL
) ENGINE=InnoDB DEFAULT CHARSET=utf8mb4;

--
-- Đang đổ dữ liệu cho bảng `tbl_customer_point`
--

INSERT INTO `tbl_customer_point` (`id`, `id_business`, `customer_level`, `customer_point`, `customer_discount`, `customer_description`) VALUES
(1, 1, 'Cấp độ vip', '1000', '10', 'vip'),
(2, 1, 'Cấp độ thường', '500', '15', 'bbbbbb'),
(3, 1, 'Cấp độ premium', '1500', '20', ''),
(4, 1, 'Cấp độ silver', '2000', '25', ''),
(5, 1, 'Cấp độ diamon', '3000', '30', ''),
(8, 1, 'Cấp độ củ chuối', '200', '3', 'Bạn nên thường xuyên ghé cửa hàng của chúng tối để tích điểm nhiều hơn'),
(9, 1, 'Gà', '20000', '40', 'Gà con');

-- --------------------------------------------------------

--
-- Cấu trúc bảng cho bảng `tbl_order_detail`
--

CREATE TABLE `tbl_order_detail` (
  `id` int(11) UNSIGNED NOT NULL,
  `id_order` int(11) UNSIGNED NOT NULL,
  `id_product` int(11) UNSIGNED NOT NULL,
  `detail_extra` varchar(50) NOT NULL,
  `detail_quantity` varchar(100) NOT NULL,
  `detail_cost` varchar(100) CHARACTER SET utf8 NOT NULL,
  `detail_status` enum('Y','N','C') NOT NULL,
  `detail_view` enum('Y','N') NOT NULL DEFAULT 'N',
  `id_business` int(11) UNSIGNED NOT NULL
) ENGINE=InnoDB DEFAULT CHARSET=utf8mb4;

--
-- Đang đổ dữ liệu cho bảng `tbl_order_detail`
--

INSERT INTO `tbl_order_detail` (`id`, `id_order`, `id_product`, `detail_extra`, `detail_quantity`, `detail_cost`, `detail_status`, `detail_view`, `id_business`) VALUES
(364, 144, 5, '', '1', '3000', 'Y', 'Y', 1),
(365, 144, 4, '', '1', '3000', 'Y', 'Y', 1),
(366, 144, 7, '', '1', '3000', 'C', 'Y', 1),
(367, 145, 1, '2,3', '1', '30000', 'Y', 'Y', 1),
(377, 149, 14, '3', '1', '20000', 'Y', 'Y', 1),
(384, 152, 1, '2', '1', '20000', 'Y', 'Y', 1),
(385, 152, 14, '4', '1', '13000', 'Y', 'Y', 1),
(386, 152, 5, '', '1', '3000', 'Y', 'Y', 1),
(387, 152, 2, '', '1', '10000', 'Y', 'Y', 1),
(388, 153, 14, '6,7,13', '1', '26000', 'Y', 'Y', 1),
(389, 145, 4, '', '1', '3000', 'Y', 'Y', 1),
(390, 145, 5, '', '1', '3000', 'Y', 'Y', 1),
(391, 154, 1, '3', '1', '20000', 'Y', 'Y', 1),
(404, 159, 1, '2,3,4', '2', '10000', 'N', 'Y', 1),
(405, 159, 1, '3,2', '3', '50000', 'N', 'Y', 1),
(406, 159, 3, '', '3', '25000', 'N', 'Y', 1),
(407, 160, 6, '', '1', '3000', 'Y', 'Y', 1),
(408, 160, 7, '', '1', '3000', 'Y', 'Y', 1),
(409, 161, 7, '', '1', '3000', 'Y', 'Y', 1),
(410, 161, 1, '3', '1', '20000', 'Y', 'Y', 1),
(411, 162, 14, '7', '1', '13000', 'Y', 'Y', 1),
(412, 162, 14, '14', '1', '20000', 'Y', 'Y', 1),
(413, 163, 14, '14', '1', '20000', 'Y', 'Y', 1),
(414, 163, 7, '', '1', '3000', 'Y', 'Y', 1),
(415, 164, 5, '', '1', '3000', 'C', 'Y', 1),
(416, 164, 14, '14', '1', '20000', 'C', 'Y', 1),
(417, 165, 1, '2,3', '1', '30000', 'Y', 'Y', 1),
(418, 165, 6, '', '1', '3000', 'Y', 'Y', 1),
(419, 165, 7, '', '1', '3000', 'Y', 'Y', 1),
(420, 166, 14, '6', '1', '13000', 'C', 'Y', 1),
(421, 166, 14, '14', '1', '20000', 'C', 'Y', 1),
(422, 166, 14, '7,13', '1', '113000', 'Y', 'Y', 1),
(423, 167, 7, '', '1', '3000', 'Y', 'Y', 1),
(424, 167, 5, '', '1', '3000', 'Y', 'Y', 1),
(425, 167, 2, '', '1', '10000', 'Y', 'Y', 1),
(426, 168, 6, '', '1', '3000', 'Y', 'Y', 1),
(427, 169, 14, '6', '1', '13000', 'Y', 'Y', 1),
(428, 170, 13, '1,2,3', '1', '130000', 'Y', 'Y', 1),
(429, 171, 13, '2', '1', '110000', 'C', 'Y', 1),
(430, 171, 13, '3', '1', '110000', 'C', 'Y', 1),
(431, 172, 14, '6,7', '1', '16000', 'C', 'Y', 1),
(432, 172, 13, '3', '1', '110000', 'C', 'Y', 1),
(433, 173, 13, '', '1', '100000', 'C', 'Y', 1),
(434, 174, 13, '', '1', '100000', 'Y', 'Y', 1),
(435, 175, 5, '', '1', '3000', 'C', 'Y', 1),
(436, 176, 13, '2', '1', '110000', 'Y', 'Y', 1),
(437, 177, 13, '3', '1', '110000', 'Y', 'Y', 1),
(438, 178, 5, '', '1', '3000', 'Y', 'Y', 1),
(439, 179, 2, '', '1', '10000', 'C', 'Y', 1),
(440, 180, 1, '3', '1', '20000', 'Y', 'Y', 1),
(441, 181, 13, '3', '3', '110000', 'Y', 'Y', 1),
(442, 182, 14, '14', '1', '20000', 'Y', 'Y', 1),
(443, 182, 6, '', '1', '3000', 'C', 'Y', 1),
(444, 183, 13, '3', '1', '110000', 'Y', 'Y', 1),
(445, 184, 2, '', '1', '10000', 'C', 'Y', 1),
(446, 185, 13, '', '1', '100000', 'C', 'Y', 1),
(447, 186, 3, '', '1', '10000', 'C', 'Y', 1),
(448, 186, 5, '', '1', '3000', 'Y', 'Y', 1),
(449, 186, 15, '7', '1', '23000', 'Y', 'Y', 1),
(450, 178, 5, '', '1', '3000', 'Y', 'Y', 1),
(451, 178, 15, '15', '1', '40000', 'Y', 'Y', 1),
(452, 176, 3, '', '1', '10000', 'Y', 'Y', 1),
(453, 176, 2, '', '1', '10000', 'Y', 'Y', 1),
(454, 176, 1, '', '1', '10000', 'Y', 'Y', 1),
(455, 187, 15, '14', '1', '30000', 'Y', 'Y', 1),
(456, 187, 16, '', '1', '12000', 'Y', 'Y', 1),
(457, 188, 16, '', '1', '12000', 'Y', 'Y', 1),
(458, 188, 15, '13', '1', '120000', 'Y', 'Y', 1),
(459, 189, 15, '15', '1', '40000', 'Y', 'Y', 1),
(460, 189, 5, '', '1', '3000', 'Y', 'Y', 1),
(461, 190, 17, '', '1', '35000', 'Y', 'Y', 1),
(462, 191, 16, '', '1', '12000', 'Y', 'Y', 1),
(463, 192, 14, '14', '1', '20000', 'Y', 'Y', 1),
(464, 193, 15, '', '1', '20000', 'Y', 'Y', 1),
(465, 194, 16, '', '1', '12000', 'C', 'Y', 1),
(466, 194, 17, '', '1', '35000', 'C', 'Y', 1),
(467, 195, 17, '', '1', '35000', 'Y', 'Y', 1),
(468, 195, 16, '', '1', '12000', 'Y', 'Y', 1),
(469, 196, 16, '', '1', '12000', 'C', 'Y', 1),
(470, 196, 19, '', '1', '12000', 'C', 'Y', 1),
(471, 197, 19, '15', '1', '32000', 'Y', 'Y', 1),
(472, 197, 16, '', '1', '12000', 'C', 'Y', 1),
(473, 198, 16, '', '1', '12000', 'C', 'Y', 1),
(474, 198, 19, '15', '1', '32000', 'Y', 'Y', 1),
(475, 183, 19, '14', '1', '22000', 'Y', 'Y', 1),
(476, 199, 19, '6', '1', '15000', 'Y', 'Y', 1),
(477, 199, 16, '', '1', '12000', 'C', 'Y', 1),
(478, 200, 15, '14', '1', '30000', 'Y', 'Y', 1),
(479, 201, 16, '', '1', '12000', 'Y', 'Y', 1),
(480, 201, 19, '14', '1', '22000', 'Y', 'Y', 1),
(481, 201, 15, '', '1', '20000', 'C', 'Y', 1),
(482, 202, 16, '', '1', '12000', 'C', 'Y', 1),
(483, 202, 19, '', '1', '12000', 'Y', 'Y', 1),
(484, 193, 19, '', '1', '12000', 'C', 'Y', 1),
(485, 193, 16, '', '1', '12000', 'Y', 'Y', 1),
(486, 203, 19, '14', '1', '22000', 'Y', 'Y', 1),
(487, 204, 19, '6,7', '1', '18000', 'C', 'Y', 1),
(488, 204, 19, '6', '1', '15000', 'C', 'Y', 1),
(489, 204, 19, '13', '1', '112000', 'C', 'Y', 1),
(490, 204, 19, '14', '1', '22000', 'C', 'Y', 1),
(491, 204, 19, '15', '1', '32000', 'C', 'Y', 1),
(492, 204, 19, '6,13', '1', '115000', 'C', 'Y', 1),
(493, 204, 19, '13,14', '1', '122000', 'C', 'Y', 1),
(494, 204, 19, '13,14,15', '1', '142000', 'C', 'Y', 1),
(495, 204, 19, '6,7,13,14', '1', '128000', 'C', 'Y', 1),
(496, 204, 16, '', '1', '12000', 'C', 'Y', 1),
(497, 205, 19, '6', '1', '15000', 'C', 'Y', 1),
(498, 205, 19, '7', '1', '15000', 'C', 'Y', 1),
(499, 205, 19, '13', '1', '112000', 'C', 'Y', 1),
(500, 205, 19, '14', '1', '22000', 'C', 'Y', 1),
(501, 205, 19, '15', '1', '32000', 'C', 'Y', 1),
(502, 205, 19, '6,7', '1', '18000', 'C', 'Y', 1),
(503, 205, 19, '6,7,13', '1', '118000', 'C', 'Y', 1),
(504, 205, 19, '6,7,14', '1', '28000', 'C', 'Y', 1),
(505, 205, 19, '14,15', '1', '42000', 'C', 'Y', 1),
(506, 206, 19, '6', '1', '15000', 'C', 'Y', 1),
(507, 206, 16, '', '1', '12000', 'Y', 'Y', 1),
(508, 206, 15, '15', '1', '40000', 'Y', 'Y', 1),
(509, 206, 14, '14', '1', '20000', 'Y', 'Y', 1),
(510, 206, 4, '', '1', '30000', 'C', 'Y', 1),
(511, 206, 1, '2', '1', '20000', 'C', 'Y', 1),
(512, 206, 2, '', '1', '10000', 'C', 'Y', 1),
(513, 207, 1, '2,3,4', '2', '10000', 'Y', 'Y', 1),
(514, 207, 1, '3,2', '3', '50000', 'Y', 'Y', 1),
(515, 207, 3, '', '3', '25000', 'Y', 'Y', 1),
(516, 208, 7, '', '1', '3000', 'C', 'Y', 1),
(517, 208, 14, '13', '1', '110000', 'Y', 'Y', 1),
(518, 209, 5, '', '1', '3000', 'Y', 'Y', 1),
(519, 209, 6, '', '1', '3000', 'Y', 'Y', 1),
(520, 209, 14, '13,14', '1', '120000', 'Y', 'Y', 1),
(521, 210, 14, '13,14', '1', '120000', 'C', 'Y', 1),
(522, 210, 7, '', '1', '3000', 'Y', 'Y', 1),
(523, 211, 16, '', '1', '12000', 'Y', 'Y', 1),
(524, 211, 19, '14,13', '1', '122000', 'Y', 'Y', 1),
(525, 212, 14, '13', '1', '110000', 'Y', 'Y', 1),
(526, 212, 19, '14,13', '1', '122000', 'Y', 'Y', 1),
(527, 213, 16, '', '1', '12000', 'Y', 'Y', 1),
(528, 213, 19, '13,14,15', '1', '142000', 'Y', 'Y', 1),
(529, 214, 19, '6,7', '1', '18000', 'Y', 'Y', 1),
(530, 214, 1, '2,3', '1', '30000', 'Y', 'Y', 1),
(531, 214, 16, '', '1', '12000', 'Y', 'Y', 1),
(532, 214, 4, '', '1', '30000', 'C', 'Y', 1),
(533, 214, 19, '7,13,14,15', '1', '145000', 'Y', 'Y', 1),
(534, 215, 16, '', '1', '12000', 'Y', 'Y', 1),
(535, 215, 19, '13,14,15', '1', '142000', 'Y', 'Y', 1),
(536, 216, 14, '13,14', '1', '120000', 'Y', 'Y', 1),
(537, 216, 19, '13,14,15', '1', '142000', 'Y', 'Y', 1),
(538, 217, 16, '', '1', '12000', 'Y', 'Y', 1),
(539, 217, 19, '13,14,15', '1', '142000', 'Y', 'Y', 1),
(540, 217, 7, '', '1', '3000', 'Y', 'Y', 1),
(541, 217, 6, '', '1', '3000', 'Y', 'Y', 1),
(542, 217, 5, '', '1', '3000', 'Y', 'Y', 1),
(543, 217, 6, '', '1', '3000', 'C', 'Y', 1),
(544, 217, 6, '', '2', '3000', 'Y', 'Y', 1),
(545, 217, 16, '', '1', '12000', 'Y', 'Y', 1),
(546, 164, 19, '13,14,15', '1', '142000', 'Y', 'Y', 1),
(547, 218, 16, '', '2', '12000', 'N', 'Y', 1),
(548, 218, 19, '13,14,15', '1', '142000', 'N', 'Y', 1),
(549, 219, 16, '', '1', '12000', 'Y', 'Y', 1),
(550, 219, 19, '6,7', '1', '18000', 'Y', 'Y', 1),
(551, 220, 16, '', '1', '12000', 'Y', 'Y', 1),
(552, 221, 16, '', '1', '12000', 'Y', 'Y', 1),
(553, 222, 19, '6', '1', '15000', 'Y', 'Y', 1),
(554, 223, 19, '14', '1', '22000', 'Y', 'Y', 1),
(555, 224, 16, '', '1', '12000', 'Y', 'Y', 1),
(556, 175, 19, '13', '1', '112000', 'Y', 'Y', 1),
(557, 225, 16, '', '1', '12000', 'Y', 'Y', 1),
(558, 225, 19, '13,14,15', '1', '142000', 'C', 'Y', 1),
(559, 226, 14, '13,14', '1', '120000', 'Y', 'Y', 1),
(560, 226, 16, '', '1', '12000', 'Y', 'Y', 1),
(561, 227, 7, '', '1', '3000', 'C', 'Y', 1),
(562, 227, 15, '15', '1', '40000', 'Y', 'Y', 1),
(563, 227, 16, '', '1', '12000', 'Y', 'Y', 1),
(564, 227, 19, '13,14,15', '1', '142000', 'Y', 'Y', 1),
(565, 228, 14, '', '1', '10000', 'C', 'Y', 1),
(566, 228, 16, '', '1', '12000', 'C', 'Y', 1),
(567, 228, 19, '13,14,15', '1', '142000', 'C', 'Y', 1),
(568, 229, 16, '', '1', '12000', 'Y', 'Y', 1),
(569, 229, 15, '15', '1', '40000', 'Y', 'Y', 1),
(570, 230, 16, '', '1', '12000', 'Y', 'Y', 1),
(571, 230, 19, '14,13,15', '1', '142000', 'Y', 'Y', 1),
(572, 231, 5, '', '1', '3000', 'Y', 'Y', 1),
(573, 231, 13, '2,3', '1', '120000', 'Y', 'Y', 1),
(574, 232, 19, '6', '1', '15000', 'Y', 'Y', 1),
(575, 232, 16, '', '1', '12000', 'Y', 'Y', 1),
(576, 232, 15, '6', '1', '23000', 'Y', 'Y', 1),
(577, 232, 14, '6', '1', '13000', 'Y', 'Y', 1),
(578, 233, 13, '1', '1', '110000', 'Y', 'Y', 1),
(579, 233, 16, '', '1', '12000', 'Y', 'Y', 1),
(580, 233, 15, '15', '1', '40000', 'Y', 'Y', 1),
(581, 234, 14, '14', '1', '20000', 'Y', 'Y', 1),
(582, 234, 16, '', '1', '12000', 'Y', 'Y', 1),
(583, 235, 15, '6', '1', '23000', 'Y', 'Y', 1),
(584, 235, 7, '', '1', '3000', 'Y', 'Y', 1),
(585, 236, 14, '6', '1', '13000', 'Y', 'Y', 1),
(586, 236, 13, '3', '1', '110000', 'Y', 'Y', 1),
(587, 237, 19, '14', '1', '22000', 'N', 'N', 1),
(588, 238, 19, '14,13', '1', '122000', 'N', 'N', 1),
(589, 239, 19, '13', '1', '112000', 'N', 'N', 1),
(590, 240, 19, '13,14,15', '1', '142000', 'N', 'N', 1),
(591, 241, 16, '', '1', '12000', 'Y', 'Y', 1),
(592, 242, 14, '', '1', '10000', 'Y', 'Y', 1),
(593, 242, 19, '13,14,15', '1', '142000', 'Y', 'Y', 1),
(594, 243, 16, '', '1', '12000', 'Y', 'Y', 1),
(595, 243, 14, '14,13', '1', '120000', 'Y', 'Y', 1),
(596, 244, 19, '13,14,15', '1', '142000', 'Y', 'N', 1),
(597, 245, 16, '', '1', '12000', 'Y', 'N', 1),
(598, 245, 19, '13,14,15', '1', '142000', 'Y', 'N', 1),
(599, 246, 19, '6,7', '1', '18000', 'N', 'N', 1),
(600, 246, 16, '', '1', '12000', 'N', 'N', 1),
(601, 246, 15, '14,15', '1', '50000', 'N', 'N', 1),
(602, 247, 16, '', '1', '12000', 'Y', 'N', 1),
(603, 247, 19, '13,14,15', '1', '142000', 'Y', 'N', 1),
(604, 248, 16, '', '1', '12000', 'N', 'N', 1),
(605, 249, 13, '3', '1', '110000', 'Y', 'N', 1),
(606, 249, 15, '6,7', '2', '26000', 'Y', 'N', 1),
(607, 250, 14, '14,13', '1', '120000', 'N', 'N', 1),
(608, 250, 16, '', '1', '12000', 'Y', 'N', 1),
(612, 252, 19, '15,14', '1', '42000', 'Y', 'N', 1),
(613, 252, 15, '13,14,15', '2', '150000', 'Y', 'N', 1),
(614, 253, 19, '15,14', '1', '42000', 'Y', 'N', 1),
(615, 252, 19, '15', '1', '32000', 'Y', 'N', 1),
(629, 255, 16, '', '1', '12000', 'Y', 'N', 1),
(630, 255, 19, '', '1', '12000', 'Y', 'N', 1),
(636, 256, 19, '15,14', '1', '42000', 'Y', 'N', 1),
(641, 257, 16, '', '1', '12000', 'Y', 'N', 1),
(642, 257, 19, '', '1', '12000', 'Y', 'N', 1),
(643, 257, 15, '', '1', '20000', 'Y', 'N', 1),
(644, 257, 14, '', '1', '10000', 'Y', 'N', 1),
(649, 259, 19, '15,14', '1', '42000', 'Y', 'N', 1),
(650, 260, 15, '15,14', '1', '50000', 'Y', 'N', 1),
(653, 254, 21, '', '1', '3000', 'N', 'N', 2),
(654, 254, 20, '', '1', '10000', 'N', 'N', 2),
(655, 261, 19, '15,14', '1', '42000', 'Y', 'N', 1),
(656, 262, 19, '15,14', '1', '42000', 'Y', 'N', 1),
(657, 263, 16, '', '1', '12000', 'Y', 'N', 1),
(658, 254, 21, '', '1', '3000', 'N', 'N', 2),
(659, 254, 20, '', '1', '10000', 'N', 'N', 2),
(660, 254, 21, '', '1', '3000', 'N', 'N', 2),
(661, 254, 20, '', '1', '10000', 'N', 'N', 2),
(662, 254, 21, '', '1', '3000', 'N', 'N', 2),
(663, 254, 20, '', '1', '10000', 'N', 'N', 2),
(664, 254, 21, '', '1', '3000', 'N', 'N', 2),
(665, 254, 20, '', '1', '10000', 'N', 'N', 2),
(666, 254, 21, '', '1', '3000', 'N', 'N', 2),
(667, 254, 20, '', '1', '10000', 'N', 'N', 2),
(672, 264, 21, '', '2', '3000', 'N', 'N', 2),
(673, 264, 20, '', '2', '10000', 'N', 'N', 2),
(674, 265, 21, '', '1', '3000', 'N', 'N', 2),
(675, 265, 20, '', '1', '10000', 'N', 'N', 2),
(676, 258, 21, '', '1', '3000', 'N', 'N', 2),
(677, 258, 20, '', '1', '10000', 'N', 'N', 2),
(678, 266, 21, '', '1', '3000', 'N', 'N', 2),
(679, 266, 20, '', '1', '10000', 'N', 'N', 2),
(682, 267, 21, '', '1', '3000', 'N', 'N', 2),
(683, 267, 20, '', '1', '10000', 'N', 'N', 2),
(684, 267, 21, '', '1', '3000', 'N', 'N', 2),
(685, 267, 20, '', '1', '10000', 'N', 'N', 2),
(686, 267, 20, '', '2', '10000', 'N', 'N', 2),
(687, 268, 21, '', '1', '3000', 'N', 'N', 2),
(688, 268, 20, '', '1', '10000', 'N', 'N', 2),
(689, 269, 20, '', '1', '10000', 'Y', 'N', 2),
(690, 270, 19, '6,7,13', '1', '118000', 'N', 'N', 1),
(691, 271, 14, '6,7', '1', '16000', 'N', 'N', 1),
(692, 272, 21, '', '1', '3000', 'Y', 'N', 2),
(693, 272, 20, '', '1', '10000', 'Y', 'N', 2),
(694, 273, 19, '6', '1', '15000', 'N', 'N', 1),
(695, 273, 16, '', '1', '12000', 'N', 'N', 1),
(696, 273, 19, '6,7,13', '1', '118000', 'N', 'N', 1),
(697, 274, 20, '', '1', '10000', 'N', 'N', 2),
(698, 274, 21, '', '1', '3000', 'N', 'N', 2),
(699, 275, 20, '', '1', '10000', 'N', 'N', 2),
(700, 275, 21, '', '1', '3000', 'N', 'N', 2),
(701, 276, 19, '6,7,13', '1', '118000', 'N', 'N', 1),
(702, 277, 19, '6,7', '2', '18000', 'N', 'N', 1),
(703, 277, 19, '6,7,13', '3', '118000', 'N', 'N', 1),
(704, 277, 16, '', '1', '12000', 'N', 'N', 1),
(705, 277, 15, '', '1', '20000', 'N', 'N', 1),
(706, 278, 20, '', '1', '10000', 'N', 'N', 2),
(707, 278, 21, '', '1', '3000', 'N', 'N', 2);

-- --------------------------------------------------------

--
-- Cấu trúc bảng cho bảng `tbl_order_log`
--

CREATE TABLE `tbl_order_log` (
  `id` int(11) UNSIGNED NOT NULL,
  `id_order` int(11) UNSIGNED NOT NULL,
  `log_status` varchar(100) NOT NULL,
  `time_log` time NOT NULL,
  `id_business` int(11) UNSIGNED NOT NULL
) ENGINE=InnoDB DEFAULT CHARSET=utf8mb4;

--
-- Đang đổ dữ liệu cho bảng `tbl_order_log`
--

INSERT INTO `tbl_order_log` (`id`, `id_order`, `log_status`, `time_log`, `id_business`) VALUES
(1, 91, 'waiting', '00:02:01', 1),
(2, 91, 'processing', '00:00:07', 1),
(3, 92, 'waiting', '00:14:54', 1),
(4, 93, 'waiting', '00:34:39', 1),
(5, 102, 'waiting', '00:00:35', 1),
(6, 102, 'processing', '00:05:34', 1),
(7, 99, 'waiting', '00:05:38', 1),
(8, 99, 'processing', '00:00:43', 1),
(9, 100, 'waiting', '00:11:48', 1),
(10, 101, 'waiting', '00:11:05', 1),
(11, 92, 'processing', '00:25:52', 1),
(12, 100, 'processing', '00:20:34', 1),
(13, 101, 'processing', '00:20:30', 1),
(14, 94, 'waiting', '00:54:48', 1),
(15, 94, 'processing', '00:00:01', 1),
(16, 93, 'processing', '00:02:27', 1),
(17, 106, 'waiting', '00:00:17', 1),
(18, 105, 'waiting', '00:00:47', 1),
(19, 104, 'waiting', '00:01:06', 1),
(20, 104, 'processing', '00:03:42', 1),
(21, 103, 'waiting', '00:14:37', 1),
(22, 107, 'waiting', '00:13:32', 1),
(23, 107, 'processing', '00:11:57', 1),
(24, 106, 'processing', '00:25:35', 1),
(25, 105, 'processing', '00:25:24', 1),
(26, 103, 'processing', '00:12:09', 1),
(27, 108, 'waiting', '00:00:22', 1),
(28, 108, 'processing', '00:00:01', 1),
(29, 109, 'waiting', '00:01:36', 1),
(30, 109, 'processing', '00:00:04', 1),
(31, 110, 'waiting', '00:49:36', 1),
(32, 111, 'waiting', '00:49:25', 1),
(33, 110, 'processing', '00:03:12', 1),
(34, 111, 'processing', '00:03:05', 1),
(35, 115, 'waiting', '00:00:11', 1),
(36, 114, 'waiting', '00:03:20', 1),
(37, 112, 'waiting', '00:34:01', 1),
(38, 117, 'waiting', '00:02:56', 1),
(39, 113, 'waiting', '00:31:43', 1),
(40, 117, 'processing', '00:26:51', 1),
(41, 119, 'waiting', '00:01:13', 1),
(42, 118, 'waiting', '00:03:18', 1),
(43, 120, 'waiting', '00:03:18', 1),
(44, 115, 'processing', '00:46:42', 1),
(45, 121, 'waiting', '00:12:35', 1),
(46, 122, 'waiting', '00:00:13', 1),
(47, 123, 'waiting', '00:00:22', 1),
(48, 124, 'waiting', '00:00:13', 1),
(49, 126, 'waiting', '00:02:48', 1),
(50, 125, 'waiting', '00:16:06', 1),
(51, 125, 'processing', '00:00:01', 1),
(52, 113, 'processing', '00:49:13', 1),
(53, 122, 'processing', '00:20:49', 1),
(54, 124, 'processing', '00:17:02', 1),
(55, 119, 'processing', '00:34:06', 1),
(56, 112, 'processing', '00:24:16', 1),
(57, 121, 'processing', '00:30:40', 1),
(58, 123, 'processing', '00:29:49', 1),
(59, 118, 'processing', '00:46:33', 1),
(60, 114, 'processing', '00:31:42', 1),
(61, 120, 'processing', '00:47:03', 1),
(62, 131, 'waiting', '00:00:18', 1),
(63, 128, 'waiting', '00:02:11', 1),
(64, 130, 'waiting', '00:32:37', 1),
(65, 130, 'processing', '00:00:11', 1),
(66, 127, 'waiting', '00:37:33', 1),
(67, 127, 'processing', '00:00:03', 1),
(68, 137, 'waiting', '00:02:23', 1),
(69, 137, 'processing', '00:00:36', 1),
(70, 129, 'waiting', '00:39:14', 1),
(71, 129, 'processing', '00:00:10', 1),
(72, 131, 'processing', '00:40:06', 1),
(73, 132, 'waiting', '00:41:24', 1),
(74, 133, 'waiting', '00:41:20', 1),
(75, 133, 'processing', '00:00:09', 1),
(76, 140, 'waiting', '00:02:00', 1),
(77, 140, 'processing', '00:00:05', 1),
(78, 139, 'waiting', '00:06:34', 1),
(79, 138, 'waiting', '00:14:38', 1),
(80, 138, 'processing', '00:00:13', 1),
(81, 139, 'processing', '00:10:33', 1),
(82, 135, 'waiting', '00:34:05', 1),
(83, 135, 'processing', '00:00:03', 1),
(84, 136, 'waiting', '00:34:52', 1),
(85, 134, 'waiting', '00:35:41', 1),
(86, 134, 'processing', '00:00:04', 1),
(87, 136, 'processing', '00:01:16', 1),
(88, 144, 'waiting', '00:00:31', 1),
(89, 144, 'processing', '00:00:55', 1),
(90, 145, 'waiting', '00:04:52', 1),
(91, 145, 'processing', '00:00:07', 1),
(92, 152, 'waiting', '00:03:46', 1),
(93, 152, 'processing', '00:00:48', 1),
(94, 149, 'waiting', '00:09:16', 1),
(95, 149, 'processing', '00:00:03', 1),
(96, 153, 'waiting', '00:05:44', 1),
(97, 153, 'processing', '00:00:03', 1),
(98, 154, 'waiting', '00:02:51', 1),
(99, 154, 'processing', '00:00:19', 1),
(100, 144, 'processing', '00:46:40', 1),
(101, 160, 'waiting', '00:00:10', 1),
(102, 160, 'processing', '00:00:05', 1),
(103, 161, 'waiting', '00:00:45', 1),
(104, 161, 'processing', '00:01:46', 1),
(105, 165, 'waiting', '00:01:48', 1),
(106, 165, 'processing', '00:00:03', 1),
(107, 163, 'waiting', '00:02:35', 1),
(108, 162, 'waiting', '00:03:02', 1),
(109, 167, 'waiting', '00:02:13', 1),
(110, 167, 'processing', '00:00:21', 1),
(111, 163, 'processing', '00:04:29', 1),
(112, 162, 'processing', '00:04:22', 1),
(113, 177, 'waiting', '00:00:52', 1),
(114, 182, 'waiting', '00:00:59', 1),
(115, 182, 'processing', '00:00:20', 1),
(116, 164, 'waiting', '00:06:36', 1),
(117, 170, 'waiting', '00:40:47', 1),
(118, 171, 'waiting', '00:38:42', 1),
(119, 170, 'processing', '00:00:49', 1),
(120, 179, 'waiting', '00:21:49', 1),
(121, 185, 'waiting', '00:21:33', 1),
(122, 185, 'processing', '00:00:30', 1),
(123, 175, 'waiting', '00:42:10', 1),
(124, 166, 'waiting', '00:30:36', 1),
(125, 172, 'waiting', '00:53:33', 1),
(126, 183, 'waiting', '00:14:13', 1),
(127, 183, 'processing', '00:00:03', 1),
(128, 176, 'waiting', '00:25:51', 1),
(129, 176, 'processing', '00:00:02', 1),
(130, 173, 'waiting', '00:34:44', 1),
(131, 178, 'waiting', '00:26:58', 1),
(132, 178, 'processing', '00:00:19', 1),
(133, 186, 'waiting', '00:03:42', 1),
(134, 166, 'processing', '00:58:39', 1),
(135, 184, 'waiting', '00:24:16', 1),
(136, 186, 'processing', '00:07:55', 1),
(137, 180, 'waiting', '00:33:57', 1),
(138, 180, 'processing', '00:00:01', 1),
(139, 174, 'waiting', '00:43:31', 1),
(140, 174, 'processing', '00:00:01', 1),
(141, 198, 'waiting', '00:01:46', 1),
(142, 193, 'waiting', '00:42:38', 1),
(143, 200, 'waiting', '00:13:40', 1),
(144, 193, 'processing', '00:01:32', 1),
(145, 202, 'waiting', '00:22:31', 1),
(146, 198, 'processing', '00:40:56', 1),
(147, 200, 'processing', '00:20:39', 1),
(148, 195, 'waiting', '00:10:01', 1),
(149, 195, 'processing', '00:00:52', 1),
(150, 197, 'waiting', '00:02:50', 1),
(151, 194, 'waiting', '00:31:36', 1),
(152, 199, 'waiting', '00:11:28', 1),
(153, 196, 'waiting', '00:38:43', 1),
(154, 201, 'waiting', '00:11:37', 1),
(155, 204, 'waiting', '00:00:34', 1),
(156, 205, 'waiting', '00:00:17', 1),
(157, 206, 'waiting', '00:00:10', 1),
(158, 206, 'processing', '00:29:20', 1),
(159, 144, 'delivery', '00:02:13', 1),
(160, 144, 'payment', '00:31:12', 1),
(161, 145, 'delivery', '00:18:47', 1),
(162, 145, 'payment', '00:00:23', 1),
(163, 160, 'delivery', '00:39:07', 1),
(164, 160, 'payment', '00:01:34', 1),
(165, 189, 'waiting', '00:51:09', 1),
(166, 168, 'waiting', '00:16:53', 1),
(167, 169, 'waiting', '00:08:19', 1),
(168, 207, 'waiting', '00:41:20', 1),
(169, 187, 'waiting', '00:52:41', 1),
(170, 208, 'waiting', '00:16:37', 1),
(171, 161, 'delivery', '00:41:53', 1),
(172, 161, 'payment', '00:00:02', 1),
(173, 217, 'waiting', '00:00:43', 1),
(174, 217, 'processing', '00:00:53', 1),
(175, 217, 'delivery', '00:21:43', 1),
(176, 217, 'payment', '00:34:17', 1),
(177, 163, 'delivery', '00:59:02', 1),
(178, 163, 'payment', '00:00:17', 1),
(179, 167, 'delivery', '00:04:32', 1),
(180, 167, 'payment', '00:00:07', 1),
(181, 166, 'delivery', '00:40:42', 1),
(182, 195, 'delivery', '00:12:37', 1),
(183, 186, 'delivery', '00:45:34', 1),
(184, 178, 'delivery', '00:55:52', 1),
(185, 178, 'payment', '00:00:14', 1),
(186, 165, 'delivery', '00:18:21', 1),
(187, 165, 'payment', '00:00:04', 1),
(188, 166, 'payment', '00:17:42', 1),
(189, 162, 'delivery', '00:22:12', 1),
(190, 162, 'payment', '00:00:07', 1),
(191, 220, 'waiting', '00:00:36', 1),
(192, 220, 'processing', '00:00:07', 1),
(193, 220, 'delivery', '00:00:55', 1),
(194, 220, 'payment', '00:01:06', 1),
(195, 221, 'waiting', '00:00:18', 1),
(196, 221, 'processing', '00:00:11', 1),
(197, 221, 'delivery', '00:00:48', 1),
(198, 221, 'payment', '00:00:02', 1),
(199, 176, 'delivery', '00:07:26', 1),
(200, 176, 'payment', '00:00:11', 1),
(201, 186, 'payment', '00:42:43', 1),
(202, 175, 'processing', '00:44:50', 1),
(203, 164, 'processing', '00:08:35', 1),
(204, 201, 'processing', '00:41:33', 1),
(205, 196, 'processing', '00:42:53', 1),
(206, 194, 'processing', '00:53:42', 1),
(207, 225, 'waiting', '00:08:54', 1),
(208, 225, 'processing', '00:00:06', 1),
(209, 227, 'waiting', '00:01:15', 1),
(210, 227, 'processing', '00:00:05', 1),
(211, 191, 'waiting', '00:31:34', 1),
(212, 191, 'processing', '00:00:02', 1),
(213, 192, 'waiting', '00:30:14', 1),
(214, 192, 'processing', '00:00:01', 1),
(215, 203, 'waiting', '00:04:57', 1),
(216, 203, 'processing', '00:00:01', 1),
(217, 190, 'waiting', '00:32:13', 1),
(218, 190, 'processing', '00:00:01', 1),
(219, 226, 'waiting', '00:09:00', 1),
(220, 226, 'processing', '00:00:01', 1),
(221, 197, 'processing', '00:13:03', 1),
(222, 202, 'processing', '00:28:19', 1),
(223, 199, 'processing', '00:48:27', 1),
(224, 209, 'waiting', '00:51:42', 1),
(225, 209, 'processing', '00:00:01', 1),
(226, 216, 'waiting', '00:09:31', 1),
(227, 216, 'processing', '00:00:01', 1),
(228, 211, 'waiting', '00:28:46', 1),
(229, 211, 'processing', '00:00:01', 1),
(230, 222, 'waiting', '00:58:10', 1),
(231, 222, 'processing', '00:00:02', 1),
(232, 213, 'waiting', '00:21:38', 1),
(233, 213, 'processing', '00:00:01', 1),
(234, 224, 'waiting', '00:47:40', 1),
(235, 224, 'processing', '00:00:02', 1),
(236, 215, 'waiting', '00:16:38', 1),
(237, 215, 'processing', '00:00:02', 1),
(238, 210, 'waiting', '00:40:29', 1),
(239, 210, 'processing', '00:00:03', 1),
(240, 208, 'processing', '00:41:14', 1),
(241, 188, 'waiting', '00:33:35', 1),
(242, 188, 'processing', '00:00:03', 1),
(243, 219, 'waiting', '00:19:29', 1),
(244, 219, 'processing', '00:00:01', 1),
(245, 212, 'waiting', '00:24:31', 1),
(246, 212, 'processing', '00:00:01', 1),
(247, 223, 'waiting', '00:56:04', 1),
(248, 223, 'processing', '00:00:01', 1),
(249, 214, 'waiting', '00:19:29', 1),
(250, 214, 'processing', '00:00:04', 1),
(251, 226, 'delivery', '00:01:40', 1),
(252, 226, 'payment', '00:15:45', 1),
(253, 225, 'delivery', '00:18:42', 1),
(254, 225, 'payment', '00:00:07', 1),
(255, 164, 'delivery', '00:29:00', 1),
(256, 164, 'payment', '00:00:06', 1),
(257, 175, 'delivery', '00:30:52', 1),
(258, 175, 'payment', '00:00:11', 1),
(259, 229, 'waiting', '00:00:29', 1),
(260, 229, 'processing', '00:00:02', 1),
(261, 230, 'waiting', '00:00:27', 1),
(262, 230, 'processing', '00:00:02', 1),
(263, 230, 'delivery', '00:00:47', 1),
(264, 230, 'payment', '00:00:37', 1),
(265, 231, 'waiting', '00:00:19', 1),
(266, 231, 'processing', '00:00:01', 1),
(267, 231, 'delivery', '00:00:37', 1),
(268, 228, 'waiting', '00:56:24', 1),
(269, 228, 'processing', '00:00:08', 1),
(270, 233, 'waiting', '00:00:21', 1),
(271, 232, 'waiting', '00:01:14', 1),
(272, 232, 'processing', '00:11:29', 1),
(273, 234, 'waiting', '00:00:44', 1),
(274, 234, 'processing', '00:02:19', 1),
(275, 235, 'waiting', '00:00:08', 1),
(276, 235, 'processing', '00:00:05', 1),
(277, 236, 'waiting', '00:00:05', 1),
(278, 236, 'processing', '00:02:17', 1),
(279, 241, 'waiting', '00:00:31', 1),
(280, 241, 'processing', '00:00:17', 1),
(281, 242, 'waiting', '00:00:53', 1),
(282, 242, 'processing', '00:00:47', 1),
(283, 243, 'waiting', '00:01:36', 1),
(284, 243, 'processing', '00:00:09', 1),
(285, 245, 'waiting', '00:00:32', 1),
(286, 245, 'processing', '00:00:02', 1),
(287, 245, 'delivery', '00:04:33', 1),
(288, 245, 'payment', '00:00:08', 1),
(289, 246, 'waiting', '00:00:35', 1),
(290, 247, 'waiting', '00:22:08', 1),
(291, 247, 'processing', '00:00:08', 1),
(292, 249, 'waiting', '00:01:47', 1),
(293, 249, 'processing', '00:00:03', 1),
(294, 250, 'waiting', '00:00:31', 1),
(295, 249, 'delivery', '00:19:52', 1),
(296, 249, 'payment', '00:00:09', 1),
(297, 252, 'waiting', '00:00:29', 1),
(298, 252, 'processing', '00:00:01', 1),
(299, 253, 'waiting', '00:00:26', 1),
(300, 253, 'processing', '00:00:02', 1),
(301, 253, 'delivery', '00:07:36', 1),
(302, 253, 'payment', '00:00:06', 1),
(303, 244, 'waiting', '00:20:28', 1),
(304, 244, 'processing', '00:00:02', 1),
(305, 256, 'waiting', '00:00:48', 1),
(306, 256, 'processing', '00:00:02', 1),
(307, 255, 'waiting', '00:03:12', 1),
(308, 255, 'processing', '00:00:10', 1),
(309, 255, 'delivery', '00:00:37', 1),
(310, 255, 'payment', '00:00:08', 1),
(311, 247, 'delivery', '00:43:42', 1),
(312, 247, 'payment', '00:00:10', 1),
(313, 244, 'delivery', '00:03:58', 1),
(314, 244, 'payment', '00:00:04', 1),
(315, 256, 'delivery', '00:11:50', 1),
(316, 256, 'payment', '00:00:04', 1),
(317, 262, 'waiting', '00:00:28', 1),
(318, 262, 'processing', '00:00:01', 1),
(319, 259, 'waiting', '00:02:13', 1),
(320, 259, 'processing', '00:00:01', 1),
(321, 260, 'waiting', '00:02:01', 1),
(322, 260, 'processing', '00:00:02', 1),
(323, 257, 'waiting', '00:12:50', 1),
(324, 257, 'processing', '00:00:01', 1),
(325, 263, 'waiting', '00:00:50', 1),
(326, 263, 'processing', '00:00:01', 1),
(327, 261, 'waiting', '00:01:14', 1),
(328, 261, 'processing', '00:00:01', 1),
(329, 263, 'delivery', '00:02:16', 1),
(330, 263, 'payment', '00:00:06', 1),
(331, 262, 'delivery', '00:09:07', 1),
(332, 262, 'payment', '00:00:13', 1),
(333, 265, 'finished', '00:19:17', 2),
(334, 258, 'delivery', '00:57:15', 2),
(335, 258, 'payment', '00:00:01', 2),
(336, 266, 'finished', '00:00:22', 2),
(337, 267, 'delivery', '00:01:01', 2),
(338, 267, 'payment', '00:00:01', 2),
(339, 268, 'delivery', '00:00:28', 2),
(340, 268, 'payment', '00:00:21', 2),
(341, 269, 'delivery', '00:00:11', 2),
(342, 269, 'payment', '00:03:45', 2),
(343, 269, 'delivery', '00:06:19', 2),
(344, 272, 'delivery', '00:02:06', 2),
(345, 272, 'payment', '00:04:25', 2);

-- --------------------------------------------------------

--
-- Cấu trúc bảng cho bảng `tbl_order_order`
--

CREATE TABLE `tbl_order_order` (
  `id` int(11) UNSIGNED NOT NULL,
  `id_business` int(11) UNSIGNED NOT NULL,
  `id_account` int(11) UNSIGNED NOT NULL,
  `id_customer` int(11) UNSIGNED NOT NULL,
  `order_floor` varchar(10) NOT NULL,
  `order_table` varchar(10) NOT NULL,
  `order_code` varchar(100) CHARACTER SET utf8 NOT NULL,
  `order_status` enum('1','2','3','4','5','6') CHARACTER SET utf8 NOT NULL DEFAULT '1' COMMENT '1: Datmon ; 2:Chebien; 3: Lenmon; 4: ThanhToan; 5:HoanTat; 6: Huy',
  `order_direct_discount` varchar(100) CHARACTER SET utf8 NOT NULL,
  `order_total_cost` varchar(100) CHARACTER SET utf8 NOT NULL DEFAULT '0',
  `order_comment` text CHARACTER SET utf8,
  `order_created` datetime NOT NULL DEFAULT CURRENT_TIMESTAMP,
  `order_check_time` varchar(15) NOT NULL
) ENGINE=InnoDB DEFAULT CHARSET=utf8mb4;

--
-- Đang đổ dữ liệu cho bảng `tbl_order_order`
--

INSERT INTO `tbl_order_order` (`id`, `id_business`, `id_account`, `id_customer`, `order_floor`, `order_table`, `order_code`, `order_status`, `order_direct_discount`, `order_total_cost`, `order_comment`, `order_created`, `order_check_time`) VALUES
(243, 1, 2, 0, 'Mang đi', 'Order 1', 'BMSO10174059', '5', '0', '132000', NULL, '2021-01-09 13:34:19', '1610174164'),
(244, 1, 2, 0, 'Tầng 2', 'Bàn 1', 'BMSO10175032', '5', '0', '142000', NULL, '2021-01-09 13:50:32', '1610180104'),
(245, 1, 2, 2, 'Tầng 2', 'Bàn 2', 'BMSO10175437', '5', '20000', '134000', 'xì cúc', '2021-01-09 13:57:17', '1610175752'),
(246, 1, 2, 0, 'Mang đi', 'Order 2', 'BMSO10175753', '2', '5000', '75000', 'Không lấy hành ngò', '2021-01-09 14:02:33', '1610175788'),
(247, 1, 2, 0, 'Tầng 1', 'Bàn 4', 'BMSO10176022', '5', '0', '154000', NULL, '2021-01-09 14:07:02', '1610179990'),
(248, 1, 2, 0, 'Mang đi', 'Order 3', 'BMSO10176106', '1', '0', '12000', NULL, '2021-01-09 14:08:26', '1610176106'),
(249, 1, 2, 2, 'Tầng 2', 'Bàn 2', 'BMSO10177348', '5', '62000', '100000', NULL, '2021-01-09 14:29:08', '1610178659'),
(250, 1, 2, 2, 'Mang đi', 'Order 6', 'BMSO10177693', '2', '0', '132000', NULL, '2021-01-09 14:34:53', '1610177724'),
(251, 2, 7, 0, 'Tầng 2', 'Bàn 2', 'CHBSO10178725', '1', '', '0', NULL, '2021-01-09 14:52:05', '1610178725'),
(252, 1, 2, 0, 'Tầng 2', 'Bàn 2', 'BMSO10178983', '3', '', '0', NULL, '2021-01-09 14:56:23', '1610179013'),
(253, 1, 2, 0, 'Tầng 2', 'Bàn 3', 'BMSO10178995', '5', '0', '42000', NULL, '2021-01-09 14:56:35', '1610179485'),
(254, 2, 7, 0, 'Tầng 2', 'Bàn 1', 'CHBSO10179501', '1', '', '0', NULL, '2021-01-09 15:05:01', '1610179501'),
(255, 1, 2, 0, 'Tầng 1', 'Bàn 2', 'BMSO10179677', '5', '0', '24000', NULL, '2021-01-09 15:07:57', '1610179924'),
(256, 1, 2, 1, 'Tầng 2', 'Bàn 3', 'BMSO10179816', '5', '0', '42000', NULL, '2021-01-09 15:10:16', '1610180580'),
(257, 1, 2, 0, 'Tầng 1', 'Bàn 2', 'BMSO10180156', '3', '', '0', NULL, '2021-01-09 15:15:56', '1610180927'),
(258, 2, 7, 0, 'Tầng 1', 'Bàn 1', 'CHBSO10180399', '5', '0', '13000', NULL, '2021-01-09 15:19:59', '1610183835'),
(259, 1, 2, 0, 'Tầng 1', 'Bàn 1', 'BMSO10180773', '3', '', '0', NULL, '2021-01-09 15:26:13', '1610180907'),
(260, 1, 2, 0, 'Tầng 1', 'Bàn 3', 'BMSO10180800', '3', '', '0', NULL, '2021-01-09 15:26:40', '1610180923'),
(261, 1, 2, 0, 'Tầng 1', 'Bàn 4', 'BMSO10180864', '3', '', '0', NULL, '2021-01-09 15:27:44', '1610180939'),
(262, 1, 2, 2, 'Tầng 1', 'Bàn 5', 'BMSO10180874', '5', '0', '42000', NULL, '2021-01-09 15:27:54', '1610181463'),
(263, 1, 2, 0, 'Tầng 1', 'Bàn 6', 'BMSO10180884', '5', '0', '12000', NULL, '2021-01-09 15:28:04', '1610181077'),
(264, 2, 7, 0, 'Tầng 2', 'Bàn 1', 'CHBSO10181128', '1', '0', '26000', NULL, '2021-01-09 15:32:08', '1610181128'),
(265, 2, 7, 0, 'Mang đi', 'Bàn 2', 'CHBSO10182478', '5', '0', '13000', NULL, '2021-01-09 15:54:38', '1610183635'),
(266, 2, 7, 0, 'Mang đi', 'Bàn 2', 'CHBSO10183976', '5', '0', '13000', NULL, '2021-01-09 16:19:36', '1610183998'),
(267, 2, 7, 26, 'Tầng 1', 'Bàn 2', 'CHBSO10184019', '5', '0', '46000', NULL, '2021-01-09 16:20:19', '1610184081'),
(268, 2, 7, 26, 'Tầng 2', 'Bàn 2', 'CHBSO10184352', '5', '0', '13000', NULL, '2021-01-09 16:25:52', '1610184401'),
(269, 2, 7, 26, 'Tầng 1', 'Bàn 2', 'CHBSO10184586', '5', '0', '10000', NULL, '2021-01-09 16:29:46', '1610185201'),
(270, 1, 2, 0, 'Mang đi', 'Order 4', 'BMSO10184648', '1', '0', '118000', NULL, '2021-01-09 16:30:48', '1610184648'),
(271, 1, 2, 0, 'Mang đi', 'Order 5', 'BMSO10185194', '1', '0', '16000', NULL, '2021-01-09 16:39:54', '1610185194'),
(272, 2, 7, 26, 'Tầng 1', 'Bàn 2', 'CHBSO10185405', '5', '', '13000', NULL, '2021-01-09 16:43:25', '1610185796'),
(273, 1, 2, 0, 'Mang đi', 'Order 7', 'BMSO10185707', '1', '20000', '125000', NULL, '2021-01-09 16:48:27', '1610185707'),
(274, 2, 7, 0, 'Tầng 2', 'Bàn 2', 'CHBSO10185721', '1', '', '0', NULL, '2021-01-09 16:48:41', '1610185721'),
(275, 2, 7, 0, 'Tầng 1', 'Bàn 2', 'CHBSO10185865', '1', '', '0', NULL, '2021-01-09 16:51:05', '1610185865'),
(276, 1, 2, 0, 'Mang đi', 'Order 8', 'BMSO10185930', '1', '0', '118000', NULL, '2021-01-09 16:52:10', '1610185930'),
(277, 1, 2, 1, 'Mang đi', 'Order 9', 'BMSO10186182', '1', '0', '422000', NULL, '2021-01-09 16:56:22', '1610186182'),
(278, 2, 7, 0, 'Tầng 2', 'Bàn 2', 'CHBSO10186304', '1', '', '0', NULL, '2021-01-09 16:58:24', '1610186304');

-- --------------------------------------------------------

--
-- Cấu trúc bảng cho bảng `tbl_organization_floor`
--

CREATE TABLE `tbl_organization_floor` (
  `id` int(11) UNSIGNED NOT NULL,
  `id_business` int(11) UNSIGNED NOT NULL,
  `floor_priority` int(11) NOT NULL,
  `floor_title` varchar(100) CHARACTER SET utf8 NOT NULL,
  `floor_type` enum('eat-in','carry-out') NOT NULL
) ENGINE=InnoDB DEFAULT CHARSET=utf8mb4;

--
-- Đang đổ dữ liệu cho bảng `tbl_organization_floor`
--

INSERT INTO `tbl_organization_floor` (`id`, `id_business`, `floor_priority`, `floor_title`, `floor_type`) VALUES
(1, 1, 1, 'Mang đi', 'carry-out'),
(2, 1, 2, 'Tầng 1', 'eat-in'),
(3, 1, 3, 'Tầng 2', 'eat-in'),
(4, 1, 4, 'Tầng 3', 'eat-in'),
(8, 1, 5, 'Tầng 4', 'eat-in'),
(9, 2, 1, 'Mang đi', 'carry-out'),
(10, 2, 2, 'Tầng 1', 'eat-in'),
(11, 2, 3, 'Tầng 2', 'eat-in');

-- --------------------------------------------------------

--
-- Cấu trúc bảng cho bảng `tbl_organization_table`
--

CREATE TABLE `tbl_organization_table` (
  `id` int(11) UNSIGNED NOT NULL,
  `id_floor` int(11) UNSIGNED NOT NULL,
  `table_title` varchar(100) CHARACTER SET utf8 NOT NULL,
  `table_status` enum('empty','full') CHARACTER SET utf8 NOT NULL DEFAULT 'empty',
  `id_business` int(11) UNSIGNED NOT NULL
) ENGINE=InnoDB DEFAULT CHARSET=utf8mb4;

--
-- Đang đổ dữ liệu cho bảng `tbl_organization_table`
--

INSERT INTO `tbl_organization_table` (`id`, `id_floor`, `table_title`, `table_status`, `id_business`) VALUES
(1, 1, 'Order 1', 'full', 1),
(2, 1, 'Order 2', 'full', 1),
(3, 1, 'Order 3', 'full', 1),
(4, 2, 'Bàn 1', 'empty', 1),
(5, 2, 'Bàn 2', 'empty', 1),
(6, 2, 'Bàn 3', 'full', 1),
(7, 2, 'Bàn 4', 'full', 1),
(8, 2, 'Bàn 5', 'empty', 1),
(9, 2, 'Bàn 6', 'empty', 1),
(10, 2, 'Bàn 7', 'empty', 1),
(11, 2, 'Bàn 8', 'empty', 1),
(12, 2, 'Bàn 9', 'empty', 1),
(13, 2, 'Bàn 10', 'empty', 1),
(14, 3, 'Bàn 1', 'empty', 1),
(15, 3, 'Bàn 2', 'empty', 1),
(16, 3, 'Bàn 3', 'empty', 1),
(17, 3, 'Bàn 4', 'empty', 1),
(18, 3, 'Bàn 5', 'empty', 1),
(19, 3, 'Bàn 6', 'empty', 1),
(20, 3, 'Bàn 7', 'empty', 1),
(21, 3, 'Bàn 8', 'empty', 1),
(22, 3, 'Bàn 9', 'empty', 1),
(23, 3, 'Bàn 10', 'empty', 1),
(24, 3, 'Bàn 11', 'empty', 1),
(25, 3, 'Bàn 12', 'empty', 1),
(26, 3, 'Bàn 13', 'empty', 1),
(27, 3, 'Bàn 14', 'empty', 1),
(28, 3, 'Bàn 15', 'empty', 1),
(29, 3, 'Bàn 16', 'empty', 1),
(30, 3, 'Bàn 17', 'empty', 1),
(31, 3, 'Bàn 18', 'empty', 1),
(32, 3, 'Bàn 19', 'empty', 1),
(33, 3, 'Bàn 20', 'empty', 1),
(34, 4, 'Bàn 1', 'empty', 1),
(35, 4, 'Bàn 2', 'empty', 1),
(36, 4, 'Bàn 3', 'empty', 1),
(37, 4, 'Bàn 4', 'empty', 1),
(38, 4, 'Bàn 5', 'empty', 1),
(39, 4, 'Bàn 6', 'empty', 1),
(40, 4, 'Bàn 7', 'empty', 1),
(41, 4, 'Bàn 8', 'empty', 1),
(42, 4, 'Bàn 9', 'empty', 1),
(43, 4, 'Bàn 10', 'empty', 1),
(44, 4, 'Bàn 11', 'empty', 1),
(45, 4, 'Bàn 12', 'empty', 1),
(46, 4, 'Bàn 13', 'empty', 1),
(47, 4, 'Bàn 14', 'empty', 1),
(48, 4, 'Bàn 15', 'empty', 1),
(49, 4, 'Bàn 16', 'empty', 1),
(50, 4, 'Bàn 17', 'empty', 1),
(51, 4, 'Bàn 18', 'empty', 1),
(52, 4, 'Bàn 19', 'empty', 1),
(53, 4, 'Bàn 20', 'empty', 1),
(54, 1, 'Order 4', 'full', 1),
(55, 8, 'Bàn 1', 'empty', 1),
(56, 1, 'Order 5', 'full', 1),
(57, 1, 'Order 6', 'full', 1),
(58, 1, 'Order 7', 'full', 1),
(59, 1, 'Order 8', 'full', 1),
(60, 1, 'Order 9', 'full', 1),
(61, 1, 'Order 10', 'empty', 1),
(62, 11, 'Bàn 1', 'empty', 2),
(63, 11, 'Bàn 2', 'full', 2),
(64, 10, 'Bàn 1', 'empty', 2),
(65, 10, 'Bàn 2', 'full', 2),
(66, 9, 'Bàn 1', 'empty', 2),
(67, 9, 'Bàn 2', 'empty', 2),
(68, 9, 'Bàn 3', 'empty', 2),
(69, 11, 'Bàn 3', 'empty', 2),
(70, 11, 'Bàn 4', 'empty', 2),
(71, 10, 'Bàn 3', 'empty', 2);

-- --------------------------------------------------------

--
-- Cấu trúc bảng cho bảng `tbl_product_category`
--

CREATE TABLE `tbl_product_category` (
  `id` int(11) UNSIGNED NOT NULL,
  `id_business` int(11) UNSIGNED NOT NULL,
  `category_icon` varchar(200) CHARACTER SET utf8 NOT NULL,
  `category_title` varchar(200) CHARACTER SET utf8 NOT NULL
) ENGINE=InnoDB DEFAULT CHARSET=utf8mb4;

--
-- Đang đổ dữ liệu cho bảng `tbl_product_category`
--

INSERT INTO `tbl_product_category` (`id`, `id_business`, `category_icon`, `category_title`) VALUES
(1, 1, 'aaaa', 'Món khai vị'),
(2, 1, 'bbbbb', 'Món chính'),
(3, 1, 'images/product_category/sSqbCUXj8gopAcUx9g0iFUfaRlp48QMHEnx5gkeUZytB6ZhRPf93wrLWnKfA.jpg', 'Tráng miệng'),
(4, 1, 'images/product_category/FkFhQt7ozouW4HgL9yMsbNqPIoCamwmFfMSuuRCNeUCWfK2mB6EfRgqTet1W.jpg', 'Thức uống');

-- --------------------------------------------------------

--
-- Cấu trúc bảng cho bảng `tbl_product_extra`
--

CREATE TABLE `tbl_product_extra` (
  `id` int(11) UNSIGNED NOT NULL,
  `id_product` int(11) UNSIGNED NOT NULL,
  `id_product_extra` int(11) UNSIGNED NOT NULL,
  `id_business` int(10) UNSIGNED NOT NULL
) ENGINE=InnoDB DEFAULT CHARSET=utf8mb4;

--
-- Đang đổ dữ liệu cho bảng `tbl_product_extra`
--

INSERT INTO `tbl_product_extra` (`id`, `id_product`, `id_product_extra`, `id_business`) VALUES
(1, 1, 2, 1),
(3, 1, 3, 1),
(66, 14, 6, 1),
(67, 14, 7, 1),
(68, 14, 13, 1),
(69, 14, 14, 1),
(70, 13, 1, 1),
(71, 13, 2, 1),
(72, 13, 3, 1),
(73, 15, 15, 1),
(74, 15, 14, 1),
(75, 15, 13, 1),
(76, 15, 7, 1),
(77, 15, 6, 1),
(78, 19, 6, 1),
(79, 19, 7, 1),
(80, 19, 13, 1),
(81, 19, 14, 1),
(82, 19, 15, 1);

-- --------------------------------------------------------

--
-- Cấu trúc bảng cho bảng `tbl_product_product`
--

CREATE TABLE `tbl_product_product` (
  `id` int(11) UNSIGNED NOT NULL,
  `id_business` int(11) UNSIGNED NOT NULL,
  `id_category` int(10) UNSIGNED NOT NULL,
  `id_unit` int(10) UNSIGNED NOT NULL,
  `product_img` varchar(500) CHARACTER SET utf8 NOT NULL,
  `product_title` varchar(200) CHARACTER SET utf8 NOT NULL,
  `product_code` varchar(200) CHARACTER SET utf8 NOT NULL,
  `product_sales_price` varchar(200) CHARACTER SET utf8 NOT NULL,
  `product_description` text CHARACTER SET utf8 NOT NULL,
  `product_point` varchar(100) CHARACTER SET utf8 NOT NULL,
  `product_disable` enum('Y','N','','') CHARACTER SET utf8 NOT NULL DEFAULT 'N',
  `product_sold_out` enum('Y','N','','') NOT NULL DEFAULT 'N'
) ENGINE=InnoDB DEFAULT CHARSET=utf8mb4;

--
-- Đang đổ dữ liệu cho bảng `tbl_product_product`
--

INSERT INTO `tbl_product_product` (`id`, `id_business`, `id_category`, `id_unit`, `product_img`, `product_title`, `product_code`, `product_sales_price`, `product_description`, `product_point`, `product_disable`, `product_sold_out`) VALUES
(1, 1, 1, 1, 'images/product_product/post_3.jpg', 'Bánh mì không', 'BMK', '10000', 'bánh mì thơm ngon nhiều tiền nhiều ổ', '70', 'N', 'N'),
(2, 1, 2, 1, 'images/product_product/post_1.jpg', 'Bánh mì chả cá', 'BMCC', '10000', 'bánh mì thơm ngon nhiều tiền nhiều ổ', '80', 'N', 'Y'),
(3, 1, 2, 1, 'images/product_product/post_4.jpg', 'Bánh mì thịt bò', 'BMTB', '10000', 'bánh mì thơm ngon nhiều tiền nhiều ổ', '90', 'N', 'N'),
(4, 1, 3, 1, 'images/product_product/post_1.jpg', 'Chả cá', 'CC', '30000', 'topping rẻ', '20', 'N', 'N'),
(5, 1, 4, 1, 'images/product_product/post_2.jpg', 'Dưa leo', 'DL', '3000', 'topping rẻ', '20', 'N', 'N'),
(6, 1, 3, 1, 'images/product_product/post_3.jpg', 'Dưa chuôt', 'DC', '3000', 'topping rẻ', '20', 'N', 'N'),
(7, 1, 4, 1, 'images/product_product/post_2.jpg', 'Trứng', 'TR', '3000', 'topping rẻ', '20', 'Y', 'N'),
(13, 1, 2, 1, 'images/product_product/120371756_364103438094791_259767172107219238_o.jpg', 'Bánh mì xíu mại', 'BMXM', '100000', 'hello xu', '3000', 'N', 'N'),
(14, 1, 4, 2, 'images/product_product/120054161_360446115127190_1730437814006853714_o.jpg', 'Bánh mì cá hộp', 'BMCH', '10000', 'hello', '70', 'N', 'N'),
(15, 1, 4, 1, 'images/product_product/100648163_280288403142962_7209139525874876416_o.jpg', 'Cốc cốc', 'SP110', '20000', 'Admin', '100', 'N', 'N'),
(16, 1, 3, 3, 'images/product_product/miochen-vnexpress1-1555894621-6778-1555894761.png', 'Trân Châu', 'TC123', '12000', 'trân châu', '600', 'N', 'N'),
(19, 1, 3, 2, 'images/product_product/unnamed.jpg', 'Khoai môn', 'KM', '12000', 'khoai môn', '500', 'N', 'N'),
(20, 2, 1, 1, 'images/product_product/post_3.jpg', 'Bánh mì không', 'BMK', '10000', 'bánh mì thơm ngon nhiều tiền nhiều ổ', '70', 'N', 'N'),
(21, 2, 3, 1, 'images/product_product/post_3.jpg', 'Dưa chuôt', 'DC', '3000', 'topping rẻ', '20', 'N', 'N');

-- --------------------------------------------------------

--
-- Cấu trúc bảng cho bảng `tbl_product_unit`
--

CREATE TABLE `tbl_product_unit` (
  `id` int(10) NOT NULL,
  `unit_title` varchar(200) NOT NULL,
  `unit` varchar(200) NOT NULL,
  `id_business` int(10) UNSIGNED NOT NULL
) ENGINE=InnoDB DEFAULT CHARSET=utf8;

--
-- Đang đổ dữ liệu cho bảng `tbl_product_unit`
--

INSERT INTO `tbl_product_unit` (`id`, `unit_title`, `unit`, `id_business`) VALUES
(1, 'Món', 'Món', 1),
(2, 'Ly', 'Ly', 1),
(3, 'Kilogam', 'kg', 1);

--
-- Chỉ mục cho các bảng đã đổ
--

--
-- Chỉ mục cho bảng `tbl_account_account`
--
ALTER TABLE `tbl_account_account`
  ADD PRIMARY KEY (`id`),
  ADD KEY `id_type` (`id_type`,`id_business`);

--
-- Chỉ mục cho bảng `tbl_account_authorize`
--
ALTER TABLE `tbl_account_authorize`
  ADD PRIMARY KEY (`id`),
  ADD KEY `id_admin` (`id_admin`);

--
-- Chỉ mục cho bảng `tbl_account_permission`
--
ALTER TABLE `tbl_account_permission`
  ADD PRIMARY KEY (`id`);

--
-- Chỉ mục cho bảng `tbl_account_type`
--
ALTER TABLE `tbl_account_type`
  ADD PRIMARY KEY (`id`);

--
-- Chỉ mục cho bảng `tbl_app_deploy`
--
ALTER TABLE `tbl_app_deploy`
  ADD PRIMARY KEY (`id`),
  ADD KEY `live_version` (`live_version`);

--
-- Chỉ mục cho bảng `tbl_business_model`
--
ALTER TABLE `tbl_business_model`
  ADD PRIMARY KEY (`id`);

--
-- Chỉ mục cho bảng `tbl_business_store`
--
ALTER TABLE `tbl_business_store`
  ADD PRIMARY KEY (`id`);

--
-- Chỉ mục cho bảng `tbl_customer_customer`
--
ALTER TABLE `tbl_customer_customer`
  ADD PRIMARY KEY (`id`),
  ADD KEY `id_business` (`id_business`,`id_account`);

--
-- Chỉ mục cho bảng `tbl_customer_point`
--
ALTER TABLE `tbl_customer_point`
  ADD PRIMARY KEY (`id`),
  ADD KEY `id_business` (`id_business`);

--
-- Chỉ mục cho bảng `tbl_order_detail`
--
ALTER TABLE `tbl_order_detail`
  ADD PRIMARY KEY (`id`),
  ADD KEY `id_order` (`id_order`,`id_product`);

--
-- Chỉ mục cho bảng `tbl_order_log`
--
ALTER TABLE `tbl_order_log`
  ADD PRIMARY KEY (`id`),
  ADD KEY `id_order` (`id_order`);

--
-- Chỉ mục cho bảng `tbl_order_order`
--
ALTER TABLE `tbl_order_order`
  ADD PRIMARY KEY (`id`),
  ADD KEY `id_business` (`id_business`,`id_account`,`id_customer`);

--
-- Chỉ mục cho bảng `tbl_organization_floor`
--
ALTER TABLE `tbl_organization_floor`
  ADD PRIMARY KEY (`id`),
  ADD KEY `id_business` (`id_business`);

--
-- Chỉ mục cho bảng `tbl_organization_table`
--
ALTER TABLE `tbl_organization_table`
  ADD PRIMARY KEY (`id`),
  ADD KEY `id_floor` (`id_floor`);

--
-- Chỉ mục cho bảng `tbl_product_category`
--
ALTER TABLE `tbl_product_category`
  ADD PRIMARY KEY (`id`),
  ADD KEY `id_business` (`id_business`);

--
-- Chỉ mục cho bảng `tbl_product_extra`
--
ALTER TABLE `tbl_product_extra`
  ADD PRIMARY KEY (`id`),
  ADD KEY `id_product` (`id_product`,`id_product_extra`);

--
-- Chỉ mục cho bảng `tbl_product_product`
--
ALTER TABLE `tbl_product_product`
  ADD PRIMARY KEY (`id`),
  ADD KEY `id_business` (`id_business`);

--
-- Chỉ mục cho bảng `tbl_product_unit`
--
ALTER TABLE `tbl_product_unit`
  ADD PRIMARY KEY (`id`);

--
-- AUTO_INCREMENT cho các bảng đã đổ
--

--
-- AUTO_INCREMENT cho bảng `tbl_account_account`
--
ALTER TABLE `tbl_account_account`
  MODIFY `id` int(11) UNSIGNED NOT NULL AUTO_INCREMENT, AUTO_INCREMENT=8;

--
-- AUTO_INCREMENT cho bảng `tbl_account_authorize`
--
ALTER TABLE `tbl_account_authorize`
  MODIFY `id` int(11) UNSIGNED NOT NULL AUTO_INCREMENT, AUTO_INCREMENT=20;

--
-- AUTO_INCREMENT cho bảng `tbl_account_permission`
--
ALTER TABLE `tbl_account_permission`
  MODIFY `id` int(11) UNSIGNED NOT NULL AUTO_INCREMENT, AUTO_INCREMENT=5;

--
-- AUTO_INCREMENT cho bảng `tbl_account_type`
--
ALTER TABLE `tbl_account_type`
  MODIFY `id` int(11) UNSIGNED NOT NULL AUTO_INCREMENT, AUTO_INCREMENT=4;

--
-- AUTO_INCREMENT cho bảng `tbl_app_deploy`
--
ALTER TABLE `tbl_app_deploy`
  MODIFY `id` int(11) UNSIGNED NOT NULL AUTO_INCREMENT;

--
-- AUTO_INCREMENT cho bảng `tbl_business_model`
--
ALTER TABLE `tbl_business_model`
  MODIFY `id` int(11) UNSIGNED NOT NULL AUTO_INCREMENT, AUTO_INCREMENT=3;

--
-- AUTO_INCREMENT cho bảng `tbl_business_store`
--
ALTER TABLE `tbl_business_store`
  MODIFY `id` int(11) UNSIGNED NOT NULL AUTO_INCREMENT, AUTO_INCREMENT=3;

--
-- AUTO_INCREMENT cho bảng `tbl_customer_customer`
--
ALTER TABLE `tbl_customer_customer`
  MODIFY `id` int(11) UNSIGNED NOT NULL AUTO_INCREMENT, AUTO_INCREMENT=27;

--
-- AUTO_INCREMENT cho bảng `tbl_customer_point`
--
ALTER TABLE `tbl_customer_point`
  MODIFY `id` int(11) UNSIGNED NOT NULL AUTO_INCREMENT, AUTO_INCREMENT=10;

--
-- AUTO_INCREMENT cho bảng `tbl_order_detail`
--
ALTER TABLE `tbl_order_detail`
  MODIFY `id` int(11) UNSIGNED NOT NULL AUTO_INCREMENT, AUTO_INCREMENT=708;

--
-- AUTO_INCREMENT cho bảng `tbl_order_log`
--
ALTER TABLE `tbl_order_log`
  MODIFY `id` int(11) UNSIGNED NOT NULL AUTO_INCREMENT, AUTO_INCREMENT=346;

--
-- AUTO_INCREMENT cho bảng `tbl_order_order`
--
ALTER TABLE `tbl_order_order`
  MODIFY `id` int(11) UNSIGNED NOT NULL AUTO_INCREMENT, AUTO_INCREMENT=279;

--
-- AUTO_INCREMENT cho bảng `tbl_organization_floor`
--
ALTER TABLE `tbl_organization_floor`
  MODIFY `id` int(11) UNSIGNED NOT NULL AUTO_INCREMENT, AUTO_INCREMENT=12;

--
-- AUTO_INCREMENT cho bảng `tbl_organization_table`
--
ALTER TABLE `tbl_organization_table`
  MODIFY `id` int(11) UNSIGNED NOT NULL AUTO_INCREMENT, AUTO_INCREMENT=72;

--
-- AUTO_INCREMENT cho bảng `tbl_product_category`
--
ALTER TABLE `tbl_product_category`
  MODIFY `id` int(11) UNSIGNED NOT NULL AUTO_INCREMENT, AUTO_INCREMENT=5;

--
-- AUTO_INCREMENT cho bảng `tbl_product_extra`
--
ALTER TABLE `tbl_product_extra`
  MODIFY `id` int(11) UNSIGNED NOT NULL AUTO_INCREMENT, AUTO_INCREMENT=83;

--
-- AUTO_INCREMENT cho bảng `tbl_product_product`
--
ALTER TABLE `tbl_product_product`
  MODIFY `id` int(11) UNSIGNED NOT NULL AUTO_INCREMENT, AUTO_INCREMENT=22;

--
-- AUTO_INCREMENT cho bảng `tbl_product_unit`
--
ALTER TABLE `tbl_product_unit`
  MODIFY `id` int(10) NOT NULL AUTO_INCREMENT, AUTO_INCREMENT=4;
COMMIT;

/*!40101 SET CHARACTER_SET_CLIENT=@OLD_CHARACTER_SET_CLIENT */;
/*!40101 SET CHARACTER_SET_RESULTS=@OLD_CHARACTER_SET_RESULTS */;
/*!40101 SET COLLATION_CONNECTION=@OLD_COLLATION_CONNECTION */;
